SELECT *FROM td_date_day_detail WHERE id>0 ORDER BY date_number_id ASC;
/*=>detail all config data*/
SELECT *FROM td_month_lunar;
/*=> Ex: Pausha, Magha*/
SELECT *FROM td_moon_number;
/*=> Ex: kert,Roch*/
SELECT *FROM td_day_num_lunar;
/*=> Ex: 1,.. 30 of Pausha..*/
SELECT *FROM td_year_lunar;
/*=> Ex: Ox, Tiger*/
SELECT *FROM td_year_buddha_era;
/*=> Ex: 2561,2562,..*/

SELECT *FROM td_month_master;

UPDATE td_date_day_detail SET month_lunar_id = 2,moon_id = 6 , day_num_lunar_id = 6 ,year_lunar_id = 11, year_buddha_id = 2
WHERE date_number_id = 11;

UPDATE td_date_day_detail SET month_lunar_id = 2,moon_id = 7 , day_num_lunar_id = 7 ,year_lunar_id = 11, year_buddha_id = 2
WHERE date_number_id = 12;

UPDATE td_date_day_detail SET month_lunar_id = 2,moon_id = 8 , day_num_lunar_id = 8 ,year_lunar_id = 11, year_buddha_id = 2
WHERE date_number_id = 13;

UPDATE td_date_day_detail SET month_lunar_id = 2,moon_id = 9 , day_num_lunar_id = 9 ,year_lunar_id = 11, year_buddha_id = 2
WHERE date_number_id = 14;

UPDATE td_date_day_detail SET month_lunar_id = 2,moon_id = 10 , day_num_lunar_id = 10 ,year_lunar_id = 11, year_buddha_id = 2
WHERE date_number_id = 15;

UPDATE td_date_day_detail SET month_lunar_id = 2,moon_id = 11 , day_num_lunar_id = 11 ,year_lunar_id = 11, year_buddha_id = 2
WHERE date_number_id = 16;

UPDATE td_date_day_detail SET month_lunar_id = 2,moon_id = 12 , day_num_lunar_id = 12 ,year_lunar_id = 11, year_buddha_id = 2
WHERE date_number_id = 17;

UPDATE td_date_day_detail SET month_lunar_id = 2,moon_id = 13 , day_num_lunar_id = 13 ,year_lunar_id = 11, year_buddha_id = 2
WHERE date_number_id = 18;

UPDATE td_date_day_detail SET month_lunar_id = 2,moon_id = 14 , day_num_lunar_id = 14 ,year_lunar_id = 11, year_buddha_id = 2
WHERE date_number_id = 19;

UPDATE td_date_day_detail SET month_lunar_id = 2,moon_id = 15 , day_num_lunar_id = 15 ,year_lunar_id = 11, year_buddha_id = 2
WHERE date_number_id = 20;

UPDATE td_date_day_detail SET month_lunar_id = 2,moon_id = 16 , day_num_lunar_id = 16 ,year_lunar_id = 11, year_buddha_id = 2
WHERE date_number_id = 21;

UPDATE td_date_day_detail SET month_lunar_id = 2,moon_id = 17 , day_num_lunar_id = 17 ,year_lunar_id = 11, year_buddha_id = 2
WHERE date_number_id = 22;

UPDATE td_date_day_detail SET month_lunar_id = 2,moon_id = 18 , day_num_lunar_id = 18 ,year_lunar_id = 11, year_buddha_id = 2
WHERE date_number_id = 23;

UPDATE td_date_day_detail SET month_lunar_id = 2,moon_id = 19 , day_num_lunar_id = 19 ,year_lunar_id = 11, year_buddha_id = 2
WHERE date_number_id = 24;

UPDATE td_date_day_detail SET month_lunar_id = 2,moon_id = 20 , day_num_lunar_id = 20 ,year_lunar_id = 11, year_buddha_id = 2
WHERE date_number_id = 25;

UPDATE td_date_day_detail SET month_lunar_id = 2,moon_id = 21 , day_num_lunar_id = 21 ,year_lunar_id = 11, year_buddha_id = 2
WHERE date_number_id = 26;

UPDATE td_date_day_detail SET month_lunar_id = 2,moon_id = 22 , day_num_lunar_id = 22 ,year_lunar_id = 11, year_buddha_id = 2
WHERE date_number_id = 27;

UPDATE td_date_day_detail SET month_lunar_id = 2,moon_id = 23 , day_num_lunar_id = 23 ,year_lunar_id = 11, year_buddha_id = 2
WHERE date_number_id = 28;

UPDATE td_date_day_detail SET month_lunar_id = 2,moon_id = 24 , day_num_lunar_id = 24 ,year_lunar_id = 11, year_buddha_id = 2
WHERE date_number_id = 29;

UPDATE td_date_day_detail SET month_lunar_id = 2,moon_id = 25 , day_num_lunar_id = 25 ,year_lunar_id = 11, year_buddha_id = 2
WHERE date_number_id = 30;

UPDATE td_date_day_detail SET month_lunar_id = 2,moon_id = 26 , day_num_lunar_id = 26 ,year_lunar_id = 11, year_buddha_id = 2
WHERE date_number_id = 31;

UPDATE td_date_day_detail SET month_lunar_id = 2,moon_id = 5 , day_num_lunar_id = 5 ,year_lunar_id = 11, year_buddha_id = 2
WHERE date_number_id = 10;

UPDATE td_date_day_detail SET month_lunar_id = 2,moon_id = 4 , day_num_lunar_id = 4 ,year_lunar_id = 11, year_buddha_id = 2
WHERE date_number_id = 9;

UPDATE td_date_day_detail SET month_lunar_id = 2,moon_id = 3 , day_num_lunar_id = 3 ,year_lunar_id = 11, year_buddha_id = 2
WHERE date_number_id = 8;

UPDATE td_date_day_detail SET month_lunar_id = 2,moon_id = 2 , day_num_lunar_id = 2 ,year_lunar_id = 11, year_buddha_id = 2
WHERE date_number_id = 7;

UPDATE td_date_day_detail SET month_lunar_id = 2,moon_id = 1 , day_num_lunar_id = 1 ,year_lunar_id = 11, year_buddha_id = 2
WHERE date_number_id = 6;

UPDATE td_date_day_detail SET month_lunar_id = 1,moon_id = 30 , day_num_lunar_id = 30 ,year_lunar_id = 11, year_buddha_id = 2
WHERE date_number_id = 5;

UPDATE td_date_day_detail SET month_lunar_id = 1,moon_id = 29 , day_num_lunar_id = 29 ,year_lunar_id = 11, year_buddha_id = 2
WHERE date_number_id = 4;

UPDATE td_date_day_detail SET month_lunar_id = 1,moon_id = 28 , day_num_lunar_id = 28 ,year_lunar_id = 11, year_buddha_id = 2
WHERE date_number_id = 3;

UPDATE td_date_day_detail SET month_lunar_id = 1,moon_id = 27 , day_num_lunar_id = 27 ,year_lunar_id = 11, year_buddha_id = 2
WHERE date_number_id = 2;

UPDATE td_date_day_detail SET month_lunar_id = 1,moon_id = 26 , day_num_lunar_id = 26 ,year_lunar_id = 11, year_buddha_id = 2
WHERE date_number_id = 1;

INSERT INTO td_event(id,des,des_en,num,num_en,event_type) VALUES
  (1,'ចូលឆ្នាំសកល','International News Year Day','១',1,'H'),
  (2,'ទិវាជ័យជំនះលើរបបប្រល័យពូជសាសន៌','Victory Day Over The Genocidal Regime','២',2,'H'),
  (3,'ទិវាអន្តរជាតិនារី','International Women’s Day','៣',3,'H'),
  (4,'ចូលឆ្នាំប្រពៃណីខ្មែរ','Happy Khmer New Year','៤',4,'H'),
  (5,'ទិវាពលកម្មអត្តរជាតិ','International Labor Day','៥',5,'H'),
  (6,'ព្រះរាជពិធីចម្រើនព្រះជន្ម ព្រះមហាក្សត្រ នរោត្តម សីហមុនី','King’s Birthday, Norodom Sihamoni','៦',6,'H'),
  (7,'ពិធីបុណ្យវិសាខបូជា','Visak Bochea Day','៧',7,'H'),
  (8,'ទិវាជាតិនៃការចងចាំ','National Day of Remember','៨',8,'H'),
  (9,'ព្រះរាជពិធីច្រត់ព្រះនង្គ័ល','Royal Plowing Ceremony','៩',9,'H'),
  (10,'ព្រះរាជពិធីចម្រើនព្រះជន្ម ព្រះវរោជមាតា នរោត្តមមុនិនាថ សីហនុ','King’s Mother Birthday, Norodom Monineath Sihanouk','១០',10,'H'),
  (11,'ទិវាប្រកាសប្រើរដ្ធធម្មនុញ្ញ','Constitutional Day','១១',11,'H'),
  (12,'ពិធីបុណ្យភ្ជុំបិណ្ឌ','Pchum Ben Day','១២',12,'H'),
  (13,'គោរពវិញ្ញាណក្ខ័ន្ធ (ព្រះបរមរតនកោដិ)','Commemoration Day of Fater King Norodom Sihanouk','១៣',13,'H'),
  (14,'កិច្ចព្រមព្រៀងសន្តិភាពទីក្រុងប៉ារីស','Paris Peace Agreement’s Day','១៤',14,'H'),
  (15,'ទិវារាជាភិសេកព្រះមហាក្សត្រនៃព្រះរាជាណាចក្រកម្ពុជា','King’s Coronation Day, Norodom Sihamoni','១៥',15,'H'),
  (16,'បុណ្យឯករាជ្យជាតិ','Independence Day','១៦',16,'H'),
  (17,'ពិធីបុណ្យអុំទូក បណ្តែតប្រទីប សំពះព្រះខែ និង អកអំបុក','Water Festival','១៧',17,'H'),
  (18,'ទិវាសិទ្ធមនុស្ស','International Human Rights Day','១៨',18,'H'),
  (19,'ទិវាជាតិសុខភាពមាត់ធ្មេញ','','១៩',19,'E'),
  (20,'ទិវាជ័យជម្នះ','','២០',20,'E'),
  (21,'ចូលឆ្នាំចិនឆ្នាំកុរ','','២១',21,'E'),
  (22,'ហែរអ្នកតាចិន','','២២',22,'E'),
  (23,'ទិវាសុខភាពមាតា និងទារក','','២៣',23,'E'),
  (24,'ទិវាសកម្មភាពកំចាត់មីន','','២៤',24,'E'),
  (25,'ដាច់ខែបុស្ស','','២៥',25,'E'),
  (26,'ថ្ងៃកោរ','','២៦',26,'E'),
  (27,'ទិវាវប្បធម៌','','២៧',27,'E'),
  (28,'ទិវានយោបាយទឹក','','២៨',28,'E'),
  (29,'គោរពវិញ្ញាណក្ឌ័ន្ធសម្តេចព្រះ','','២៩',29,'E'),
  (30,'សុរាម្រឹក ព្រះមហាកាព្ធានកោដិ','','៣០',30,'E'),
  (31,'ទិវាពិ.ភ.លទឹកនិងឧតុនិយម','','៣១',31,'E'),
  (32,'ទិវា កំចាត់ជំងឺរបេង','','៣២',32,'E'),
  (33,'ដាច់','','៣៣',33,'E'),
  (34,'ខែ','','៣៤',34,'E'),
  (35,'តាំងពិធីត្រស្តិសង្រ្គាន','','៣៥',35,'E'),
  (36,'ព្រះរាជពិធីត្រស្តិនសង្រ្គាន','','៣៦',36,'E'),
  (37,'ទិវាសុខភាពពិភពលោក','','៣៧',37,'E'),
  (38,'ទិវាព្រះពុទ្ធសាសនាពិភពលោក','','៣៨',38,'E'),
  (39,'គោរពវិញ្ញាណក្ឌ័ន ព្រះមហាក្សត្រីយ៉ានី','','៣៩',39,'E'),
  (40,'កោរ','','៤០',40,'E'),
  (41,'ដាច់','','៤១',41,'E'),
  (42,'ចូលឆ្នាំកុរ ឯកស័ក ម៉ោង ១៥ និង ១២នាទី','','៤២',42,'E'),
  (43,'វរៈវ័នបត','','៤៣',43,'E'),
  (44,'វារៈឡើងស័ក ម៉ោង១៩ និង ១២ នាទី','','៤៤',44,'E'),
  (45,'កម្ពុជាចូលជាសមាជិកអាស៊ាន','','៤៥',45,'E'),
  (46,'ទិវាសេរីភាពសារព័ត៌មាន','','៤៦',46,'E'),
  (47,'ទិវាកាកបាទក្រហមកម្ពុជា','','៤៧',47,'E'),
  (48,'ព្រះរាជពិធីចម្រើនព្រះជន្ម ព្រះមហាក្សត្រ នរោត្តម សីហមុនី','','៤៨',48,'E'),
  (49,'កំណើតនគរបាលជាតិ','','៤៩',49,'E'),
  (50,'ទិវាជាតិនៃការចងចាំ','','៥០',50,'E'),
  (51,'ទិវាពិភពលោកគ្មានថ្នាំជក់','','៥១',51,'E'),
  (52,'បូជា','','៥២',52,'E'),
  (53,'ចូលពុទ្ធសករាជ ២៥៦៣','','៥៣',53,'E'),
  (54,'ទិវាបរិស្ថានជាតិ និងអន្តរជាតិ','','៥៤',54,'E'),
  (55,'ទិវាប្រឆាំងនិងពលកម្មកុមារ','','៥៥',55,'E'),
  (56,'ក្រុងឡាអេប្រគល់ប្រាសាទព្រះវិហារឲ្យមកកម្ពុជាវិញ','','៥៦',56,'E'),
  (57,'ព្រះរាជពិធីចម្រើនព្រះជន្ម ព្រះវរៈរាជមាតា នរោត្តមមុនិនាថ សីហនុ','','៥៧',57,'E'),
  (58,'ទិវាអតីតយុវជន','','៥៨',58,'E'),
  (59,'ទិវាប្រឆាំងគ្រឿងញៀន','','៥៩',59,'E'),
  (60,'កំណើតគណប្សប្រជាជន','','៦០',60,'E'),
  (61,'ទិវាមច្ឆជាតិ','','៦១',61,'E'),
  (62,'ប្រាសាទព្រះវិហារចូលជាសម្បត្តិ បេតិភណ្ឌពិភពលោក','','៦២',62,'E'),
  (63,'គុកទួលស្លែងចូលចូណេស្កូ','','៦៣',63,'E'),
  (64,'ពេញបូណ៌មី សែនក្បាលទឹក','','៦៤',64,'E'),
  (65,'ថ្ងៃកាន់បិណ្ឌ','Kan Ben Day','៦៥',65,'H'),
  (66,'ឆ្លងភ្ជុំបិណ្ឌ','','៦៦',66,'E'),
  (67,'ទិវាអក្ខរកម្មជាតិ','','៦៧',67,'E'),
  (68,'ទិវាពិភពលោកគ្មានផ្សេង','','៦៨',68,'E'),
  (69,'សែនលោកខែ','','៦៩',69,'E'),
  (70,'ចាប់ផ្តើមកាន់បិណ្ឌ (បិណ្ឌ ១)','','៧០',70,'E'),
  (71,'បិណ្ឌ ២','','៧១',71,'E'),
  (72,'ទិវាអូហ្សូនបរិស្ថានអត្តរជាតិ (បិណ្ឌ ៣)','','៧២',72,'E'),
  (73,'បិណ្ឌ ៤','','៧៣',73,'E'),
  (74,'បិណ្ឌ ៥','','៧៤',74,'E'),
  (75,'បិណ្ឌ ៦','','៧៥',75,'E'),
  (76,'បិណ្ឌ ៧','','៧៦',76,'E'),
  (77,'បិណ្ឌ ៨','','៧៧',77,'E'),
  (78,'បិណ្ឌ ៩','','៧៨',78,'E'),
  (79,'បិណ្ឌ ១០','','៧៩',79,'E'),
  (80,'ទិវាប្រកាសរដ្ឋធម្មនុញ្ញ (បិណ្ឌ ១១)','','៨០',80,'E'),
  (81,'បិណ្ឌ ១២','','៨១',81,'E'),
  (82,'បិណ្ឌ ១៣','','៨២',82,'E'),
  (83,'ចាក់ទឹកដូងថ្វាយព្រះបិរត (បិណ្ឌ ១៤)','','៨៣',83,'E'),
  (84,'ដាច់ខែភទ្របទ ភ្ជុំបិណ្ឌ(បិណ្ឌ ១៥)','','៨៤',84,'E'),
  (85,'ឆ្លងភ្ជុំបិណ្ឌ','','៨៥',85,'E'),
  (86,'ខួបប្រសូត្រព្រះបរមរតនកោដ៏','','៨៦',86,'E'),
  (87,'ចាប់ផ្តើមពិធីបុណ្យកឋិន','','៨៧',87,'E'),
  (88,'ទិវាគ្រូបង្រៀន','','៨៨',88,'E'),
  (89,'ទិវាមនុស្សចាស់','','៨៩',89,'E'),
  (90,'ពេញបូណ៌មី','','៩០',90,'E'),
  (91,'ចាប់ផ្តើមពិធីបុណ្យកឋិន','','៩១',91,'E'),
  (92,'គោរពរិញ្ញាណក័្ខន្ធ (ព្រះបរមរតនកោដិ)','','៩២',92,'E'),
  (93,'កិច្ចព្រមព្រៀងសន្តិភាព ទីក្រុងបារីស','','៩៣',93,'E'),
  (94,'ខូបប្រសូត្រព្រះបរមរតនកោដ៏','','៩៤',94,'E'),
  (95,'ក្រុមប្រាសាទអង្គរវត្តចូលជាអង្គការយូនេស្កូពិភពលោក','','៩៥',95,'E'),
  (96,'ទិវាអនាម័យបរិស្ថាន','','៩៦',96,'E'),
  (97,'របាំក្បាច់បុរាណ្យខ្មែរចូលជាសម្បត្តិវប្បធម៌មនុស្សជាតិ','','៩៧',97,'E'),
  (98,'ទិវាបុណ្យឯករាជជាតិ','','៩៨',98,'E'),
  (99,'ពិធីបុណ្យអ៊ុំទូក បណ្តែតប្រទីប សំពះព្រះខែ និងអកអំបុក','','៩៩',99,'E'),
  (100,'ក្រុមប្រាសាទអង្គរវត្តចូលជាអង្គការយូនេស្តូពិភពលោក','','១០០',100,'E'),
  (101,'កិច្ចព្រមព្រៀងសន្តិភាព ទីក្រុងបារីស','','១០១',101,'E'),
  (102,'ទិវាប្រឆាំងជំងឺអេដស៌','','១០២',102,'E'),
  (103,'កសែននំអ៊ី','','១០៣',103,'E'),
  (104,'ទិវាជនពិការពិភពលោក','','១០៤',104,'E'),
  (105,'ទិវាសិទ្ធមនុស្ស','','១០៥',105,'E'),
  (106,'ទិវាប្រឆាំងការជួញដូរមនុស្ស','','១០៦',106,'E'),
  (107,'ចូលសមាជិក អ.ស. បនៃកម្ពុជា','','១០៧',107,'E')
;

INSERT INTO td_moon_number(id,num,num_en,des,des_en,dn_lunar_type) VALUES
  (1,'១',1,'កើត','Kert','SM')
  ,(2,'២',2,'កើត','Kert','SM')
  ,(3,'៣',3,'កើត','Kert','SM')
  ,(4,'៤',4,'កើត','Kert','SM')
  ,(5,'៥',5,'កើត','Kert','SM')
  ,(6,'៦',6,'កើត','Kert','SM')
  ,(7,'៧',7,'កើត','Kert','SM')
  ,(8,'៨',8,'កើត','Kert','SM')
  ,(9,'៩',9,'កើត','Kert','SM')
  ,(10,'១០',10,'កើត','Kert','SM')
  ,(11,'១១',11,'កើត','Kert','SM')
  ,(12,'១២',12,'កើត','Kert','SM')
  ,(13,'១៣',13,'កើត','Kert','SM')
  ,(14,'១៤',14,'កើត','Kert','SM')
  ,(15,'១៥',15,'កើត','Kert','SM')
  ,(16,'១',1,'រោច','Roch','BM')
  ,(17,'២',2,'រោច','Roch','BM')
  ,(18,'៣',3,'រោច','Roch','BM')
  ,(19,'៤',4,'រោច','Roch','BM')
  ,(20,'៥',5,'រោច','Roch','BM')
  ,(21,'៦',6,'រោច','Roch','BM')
  ,(22,'៧',7,'រោច','Roch','BM')
  ,(23,'៨',8,'រោច','Roch','BM')
  ,(24,'៩',9,'រោច','Roch','BM')
  ,(25,'១០',10,'រោច','Roch','BM')
  ,(26,'១១',11,'រោច','Roch','BM')
  ,(27,'១២',12,'រោច','Roch','BM')
  ,(28,'១៣',13,'រោច','Roch','BM')
  ,(29,'១៤',14,'រោច','Roch','BM')
  ,(30,'១៥',15,'រោច','Roch','BM')
;
INSERT INTO td_day_num_lunar(id,num,num_en,des,des_en) VALUES
  (1,'១',1,'','')
  ,(2,'២',2,'','')
  ,(3,'៣',3,'','')
  ,(4,'៤',4,'','')
  ,(5,'៥',5,'','')
  ,(6,'៦',6,'','')
  ,(7,'៧',7,'','')
  ,(8,'៨',8,'','')
  ,(9,'៩',9,'','')
  ,(10,'១០',10,'','')
  ,(11,'១១',11,'','')
  ,(12,'១២',12,'','')
  ,(13,'១៣',13,'','')
  ,(14,'១៤',14,'','')
  ,(15,'១៥',15,'','')
  ,(16,'១៦',16,'','')
  ,(17,'១៧',17,'','')
  ,(18,'១៨',18,'','')
  ,(19,'១៩',19,'','')
  ,(20,'២០',20,'','')
  ,(21,'២១',21,'','')
  ,(22,'២២',22,'','')
  ,(23,'២៣',23,'','')
  ,(24,'២៤',24,'','')
  ,(25,'២៥',25,'','')
  ,(26,'២៦',26,'','')
  ,(27,'២៧',27,'','')
  ,(28,'២៨',28,'','')
  ,(29,'២៩',29,'','')
  ,(30,'៣០',30,'','')
;


INSERT INTO td_month_lunar(id,des, des_en, num, num_en)
VALUES (1,'មិគសិរ','Margasirsha','១',1)
,(2,'បុស្ស','Pausha','២',2)
,(3,'មាឃ','Magha','៣',3)
,(4,'ផល្គុន','Phalguna','៤',4)
,(5,'ចេត្រ','Chaitra','៥',5)
,(6,'ពិសាខ','Vaisakha','៦',6)
,(7,'ជេស្ធ','Jyaishtha','៧',7)
,(8,'អាសាធ ','Ashadha','៨',8)
,(9,'ស្រាពណ៌','Sravana','៩',9)
,(10,'ភទ្របទ','Bhadrapada','១០',10)
,(11,'អស្សុជ','Asvina','១១',11)
,(12,'កក្តិក','Kartika','១២',11)
;

INSERT INTO td_year_lunar(id,des, des_en, num, num_en)
    VALUES
      (1,'ជូត','Ox','១',1)
      ,(2,'ខាល','Tiger','២',2)
      ,(3,'ថោះ','Rabbit','៣',3)
      ,(4,'ខាល','Tiger','៤',4)
      ,(5,'រោង','Dragon','៥',5)
      ,(6,'ម្សាញ់','Snake','៦',6)
      ,(7,'មមី','Horse','៧',7)
      ,(8,'មមែ','Goat','៨',8)
      ,(9,'វក','Monkey','៩',9)
      ,(10,'រកា','Rooster','១០',10)
      ,(11,'ច','Dog','១១',11)
      ,(12,'កុរ','Pig','១២',12)
;


INSERT INTO td_year_lunar(id,num, num_en)
VALUES (1,'២០១៧','2561')
  ,(2,'២០១៨','2562')
  ,(3,'២០១៩','2563')
;

SELECT ddde.month_reference,
  d.des_en,dn.num_en,m.des_en,y.num_en
  FROM td_year y
INNER JOIN td_month_year_detail myde ON y.id = myde.year_id
INNER JOIN td_month m ON myde.month_id = m.id
INNER JOIN td_day_month_detail dmde ON m.id = dmde.month_id
INNER JOIN td_day d ON dmde.day_id = d.id
INNER JOIN td_date_day_detail ddde ON d.id = ddde.date_id
INNER JOIN td_date_number dn ON ddde.date_number_id = dn.id
  WHERE m.id =1 AND y.id=13
ORDER BY dn.num_en ASC
;
/*month and year*/
INSERT INTO td_month_year_detail(month_id, year_id) VALUES
  (1,	1	),(	2	,	1	),(	3	,	1	),(	4	,	1	),(	5	,	1	),(	6	,	1	),(	7	,	1	),(	8	,	1	),(	9	,	1	),(	10	,	1	),(	11,	1	),(	12,	1	),
  (1,	2	),(	2	,	2	),(	3	,	2	),(	4	,	2	),(	5	,	2	),(	6	,	2	),(	7	,	2	),(	8	,	2	),(	9	,	2	),(	10	,	2	),(	11,	2	),(	12,	2	),
  (1,	3	),(	2	,	3	),(	3	,	3	),(	4	,	3	),(	5	,	3	),(	6	,	3	),(	7	,	3	),(	8	,	3	),(	9	,	3	),(	10	,	3	),(	11,	3	),(	12,	3	),
  (1,	4	),(	2	,	4	),(	3	,	4	),(	4	,	4	),(	5	,	4	),(	6	,	4	),(	7	,	4	),(	8	,	4	),(	9	,	4	),(	10	,	4	),(	11,	4	),(	12,	4	),
  (1,	5	),(	2	,	5	),(	3	,	5	),(	4	,	5	),(	5	,	5	),(	6	,	5	),(	7	,	5	),(	8	,	5	),(	9	,	5	),(	10	,	5	),(	11,	5	),(	12,	5	),
  (1,	6	),(	2	,	6	),(	3	,	6	),(	4	,	6	),(	5	,	6	),(	6	,	6	),(	7	,	6	),(	8	,	6	),(	9	,	6	),(	10	,	6	),(	11,	6	),(	12,	6	),
  (1,	7	),(	2	,	7	),(	3	,	7	),(	4	,	7	),(	5	,	7	),(	6	,	7	),(	7	,	7	),(	8	,	7	),(	9	,	7	),(	10	,	7	),(	11,	7	),(	12,	7	),
  (1,	8	),(	2	,	8	),(	3	,	8	),(	4	,	8	),(	5	,	8	),(	6	,	8	),(	7	,	8	),(	8	,	8	),(	9	,	8	),(	10	,	8	),(	11,	8	),(	12,	8	),
  (1,	9	),(	2	,	9	),(	3	,	9	),(	4	,	9	),(	5	,	9	),(	6	,	9	),(	7	,	9	),(	8	,	9	),(	9	,	9	),(	10	,	9	),(	11,	9	),(	12,	9	),
  (1,	10	),(	2	,	10	),(	3	,	10	),(	4	,	10	),(	5	,	10	),(	6	,	10	),(	7	,	10	),(	8	,	10	),(	9	,	10	),(	10	,	10	),(	11,	10	),(	12,	10	),
  (1,	11	),(	2	,	11	),(	3	,	11	),(	4	,	11	),(	5	,	11	),(	6	,	11	),(	7	,	11	),(	8	,	11	),(	9	,	11	),(	10	,	11	),(	11,	11	),(	12,	11	),
  (1,	12	),(	2	,	12	),(	3	,	12	),(	4	,	12	),(	5	,	12	),(	6	,	12	),(	7	,	12	),(	8	,	12	),(	9	,	12	),(	10	,	12	),(	11,	12	),(	12,	12	),
  (1,	13	),(	2	,	13	),(	3	,	13	),(	4	,	13	),(	5	,	13	),(	6	,	13	),(	7	,	13	),(	8	,	13	),(	9	,	13	),(	10	,	13	),(	11,	13	),(	12,	13	)
;
/*day and month*/
INSERT INTO td_day_month_detail(day_id, month_id) VALUES
  (7,1)
  ,(7,2)
  ,(7,3)
  ,(7,4)
  ,(7,5)
  ,(7,6)
  ,(7,7)
  ,(7,8)
  ,(7,9)
  ,(7,10)
  ,(7,11)
  ,(7,12)
;
INSERT INTO td_day_month_detail(day_id, month_id) VALUES
  (6,1)
  ,(6,2)
  ,(6,3)
  ,(6,4)
  ,(6,5)
  ,(6,6)
  ,(6,7)
  ,(6,8)
  ,(6,9)
  ,(6,10)
  ,(6,11)
  ,(6,12)
;
INSERT INTO td_day_month_detail(day_id, month_id) VALUES
  (5,1)
  ,(5,2)
  ,(5,3)
  ,(5,4)
  ,(5,5)
  ,(5,6)
  ,(5,7)
  ,(5,8)
  ,(5,9)
  ,(5,10)
  ,(5,11)
  ,(5,12)
;
INSERT INTO td_day_month_detail(day_id, month_id) VALUES
  (4,1)
  ,(4,2)
  ,(4,3)
  ,(4,4)
  ,(4,5)
  ,(4,6)
  ,(4,7)
  ,(4,8)
  ,(4,9)
  ,(4,10)
  ,(4,11)
  ,(4,12)
;
INSERT INTO td_day_month_detail(day_id, month_id) VALUES
  (3,1)
  ,(3,2)
  ,(3,3)
  ,(3,4)
  ,(3,5)
  ,(3,6)
  ,(3,7)
  ,(3,8)
  ,(3,9)
  ,(3,10)
  ,(3,11)
  ,(3,12)
;

INSERT INTO td_day_month_detail(day_id, month_id) VALUES
  (2,1)
  ,(2,2)
  ,(2,3)
  ,(2,4)
  ,(2,5)
  ,(2,6)
  ,(2,7)
  ,(2,8)
  ,(2,9)
  ,(2,10)
  ,(2,11)
  ,(2,12)
;

INSERT INTO td_day_month_detail(day_id, month_id) VALUES
  (1,1)
  ,(1,2)
  ,(1,3)
  ,(1,4)
  ,(1,5)
  ,(1,6)
  ,(1,7)
  ,(1,8)
  ,(1,9)
  ,(1,10)
  ,(1,11)
  ,(1,12)
;
/*date_num and day 2019 Jan*/
INSERT INTO td_date_day_detail(id,month_reference, year_id, month_id, date_id, date_number_id) VALUES
  (1,'Jan2019',13,1,1,6)
  ,(2,'Jan2019',13,1,1,13)
  ,(3,'Jan2019',13,1,1,20)
  ,(4,'Jan2019',13,1,1,27)
;
INSERT INTO td_date_day_detail(id,month_reference, year_id, month_id, date_id, date_number_id) VALUES
  (5,'Jan2019',13,1,7,5)
  ,(6,'Jan2019',13,1,7,12)
  ,(7,'Jan2019',13,1,7,19)
  ,(8,'Jan2019',13,1,7,26)
;
INSERT INTO td_date_day_detail(id,month_reference, year_id, month_id, date_id, date_number_id) VALUES
  (9,'Jan2019',13,1,6,4)
  ,(10,'Jan2019',13,1,6,11)
  ,(11,'Jan2019',13,1,6,18)
  ,(12,'Jan2019',13,1,6,25)
;
INSERT INTO td_date_day_detail(id,month_reference, year_id, month_id, date_id, date_number_id) VALUES
  (13,'Jan2019',13,1,5,3)
  ,(14,'Jan2019',13,1,5,10)
  ,(15,'Jan2019',13,1,5,17)
  ,(16,'Jan2019',13,1,5,24)
  ,(17,'Jan2019',13,1,5,31)
;
INSERT INTO td_date_day_detail(id,month_reference, year_id, month_id, date_id, date_number_id) VALUES
  (18,'Jan2019',13,1,4,2)
  ,(19,'Jan2019',13,1,4,9)
  ,(20,'Jan2019',13,1,4,16)
  ,(21,'Jan2019',13,1,4,23)
  ,(22,'Jan2019',13,1,4,30)
;
INSERT INTO td_date_day_detail(id,month_reference, year_id, month_id, date_id, date_number_id) VALUES
  (23,'Jan2019',13,1,3,1)
  ,(24,'Jan2019',13,1,3,8)
  ,(25,'Jan2019',13,1,3,15)
  ,(26,'Jan2019',13,1,3,22)
  ,(27,'Jan2019',13,1,3,29)
;
INSERT INTO td_date_day_detail(id,month_reference, year_id, month_id, date_id, date_number_id) VALUES
  (28,'Jan2019',13,1,2,7)
  ,(29,'Jan2019',13,1,2,14)
  ,(30,'Jan2019',13,1,2,21)
  ,(31,'Jan2019',13,1,2,28)
;

/**/
INSERT INTO td_year(id,num,num_en,des,des_en) VALUES
  (1,'២០០៧',2007,'','')
  ,(2,'២០០៨',2008,'','')
  ,(3,'២០០៩',2009,'','')
  ,(4,'២០១០',2010,'','')
  ,(5,'២០១១',2011,'','')
  ,(6,'២០១២',2012,'','')
  ,(7,'២០១៣',2013,'','')
  ,(8,'២០១៤',2014,'','')
  ,(9,'២០១៥',2015,'','')
  ,(10,'២០១៦',2016,'','')
  ,(11,'២០១៧',2017,'','')
  ,(12,'២០១៨',2018,'','')
  ,(13,'២០១៩',2019,'','')
;

INSERT INTO td_date_number(id,num,num_en,des,des_en) VALUES
  (1,'១',1,'','')
  ,(2,'២',2,'','')
  ,(3,'៣',3,'','')
  ,(4,'៤',4,'','')
  ,(5,'៥',5,'','')
  ,(6,'៦',6,'','')
  ,(7,'៧',7,'','')
  ,(8,'៨',8,'','')
  ,(9,'៩',9,'','')
  ,(10,'១០',10,'','')
  ,(11,'១១',11,'','')
  ,(12,'១២',12,'','')
  ,(13,'១៣',13,'','')
  ,(14,'១៤',14,'','')
  ,(15,'១៥',15,'','')
  ,(16,'១៦',16,'','')
  ,(17,'១៧',17,'','')
  ,(18,'១៨',18,'','')
  ,(19,'១៩',19,'','')
  ,(20,'២០',20,'','')
  ,(21,'២១',21,'','')
  ,(22,'២២',22,'','')
  ,(23,'២៣',23,'','')
  ,(24,'២៤',24,'','')
  ,(25,'២៥',25,'','')
  ,(26,'២៦',26,'','')
  ,(27,'២៧',27,'','')
  ,(28,'២៨',28,'','')
  ,(29,'២៩',29,'','')
  ,(30,'៣០',30,'','')
  ,(31,'៣១',31,'','')
;


INSERT INTO td_month(id,num,num_en,des,des_en) VALUES
(1,'១',1,'មករា','January')
,(2,'២',2,'កុម្ភៈ','February')
,(3,'៣',3,'មីនា','March')
,(4,'៤',4,'មេសា','April')
,(5,'៥',5,'ឧសភា','May')
,(6,'៦',6,'មិថុនា','June')
,(7,'៧',7,'កក្កដា','July')
,(8,'៨',8,'សីហា','August')
,(9,'៩',9,'កញ្ញា','September')
,(10,'១០',10,'តុលា','October')
,(11,'១១',11,'វិច្ឆិកា','November')
,(12,'១២',12,'ធ្នូ','December')
;



INSERT INTO td_day(id,num,num_en,des,des_en) VALUES
  (1,'១',1,'អាទិត្យ','Sunday')
  ,(2,'២',2,'ច័ន្ទ','Monday')
  ,(3,'៣',3,'អង្គារ','Tuesday')
  ,(4,'៤',4,'ពុធ','Wednesday')
  ,(5,'៥',5,'ថ្ងៃព្រហស្បតិ៍','Thursday')
  ,(6,'៦',6,'សុក្រ','Friday')
  ,(7,'៧',7,'សៅរ៍','Saturday')
;

